gene_ncbi,pubmed_id,mentioned,mentioned_citations,hit
9722.0,16648850,True,True,True
5654.0,17053108,True,True,True
79068.0,17434869,True,True,True
169026.0,17460697,False,True,True
54901.0,17460697,True,True,True
6934.0,17460697,False,True,True
160851.0,17486107,True,True,True
2263.0,17529973,True,True,True
9846.0,17553421,True,True,True
6928.0,17603485,True,True,True
64241.0,17632509,True,True,True
723961.0,17632545,False,False,True
23274.0,17632545,True,True,True
26191.0,17632545,False,True,True
79068.0,17658951,True,True,True
4745.0,17684544,True,True,True
64127.0,17684544,False,True,True
4016.0,17690259,True,True,True
8091.0,17767157,True,True,True
7185.0,17804836,True,True,True
26191.0,17804836,False,True,True
3709.0,17827064,True,True,True
4092.0,17934461,True,True,True
56606.0,17997608,True,True,True
8854.0,18084291,False,False,True
3990.0,18084291,False,False,True
1804.0,18084291,True,True,True
3790.0,18084291,False,False,True
79068.0,18159244,True,True,True
9456.0,18193045,False,False,True
253461.0,18193045,False,False,True
55245.0,18193045,True,True,True
23387.0,18193046,False,False,True
51085.0,18193046,True,True,True
4023.0,18193046,False,True,True
640.0,18204098,True,True,True
3687.0,18204098,False,True,True
257194.0,18204098,False,False,True
3117.0,18204098,False,True,True
84628.0,18204098,False,False,True
6775.0,18204098,False,True,True
54899.0,18204446,True,True,True
3684.0,18204446,True,True,True
57661.0,18204446,False,True,True
4439.0,18204446,False,False,True
55024.0,18204447,True,True,True
285498.0,18239089,True,True,True
8924.0,18252221,True,True,True
5649.0,18282107,True,True,True
56606.0,18327256,True,True,True
56606.0,18327257,True,True,True
6927.0,18439548,True,True,True
3953.0,18439548,True,True,True
3570.0,18439548,True,True,True
2646.0,18439548,True,True,True
348.0,18439548,False,True,True
64897.0,18439552,False,False,True
10452.0,18439552,False,False,True
6927.0,18439552,True,True,True
57818.0,18451265,True,True,True
57405.0,18451265,False,False,True
8647.0,18521185,True,True,True
1558.0,18594024,True,True,True
28.0,18604267,True,True,True
3383.0,18604267,False,True,True
10599.0,18650507,True,True,True
5789.0,18660810,True,True,True
288.0,18711365,True,True,True
64067.0,18711365,False,True,True
79750.0,18711365,False,False,True
54414.0,18711365,False,False,True
23345.0,18711365,False,True,True
79987.0,18711365,False,False,True
84253.0,18711365,False,False,True
57178.0,18711365,False,True,True
26011.0,18711365,False,False,True
152189.0,18711365,False,False,True
3784.0,18711366,True,True,True
10644.0,18711366,False,True,True
54901.0,18711366,False,True,True
3784.0,18711367,True,True,True
23092.0,18759275,False,False,True
131965.0,18759275,False,False,True
56606.0,18759275,True,True,True
2524.0,18776911,True,True,True
5334.0,18776929,True,True,True
2205.0,18846228,True,True,True
10111.0,18846228,False,True,True
221895.0,18952825,True,True,True
4544.0,19060907,True,True,True
57818.0,19060907,False,True,True
57405.0,19060907,False,False,True
2645.0,19060907,False,True,True
2690.0,19084217,False,False,True
3077.0,19084217,True,True,True
6568.0,19084217,False,False,True
6648.0,19084217,False,False,True
7018.0,19084217,False,True,True
58477.0,19084217,False,False,True
164656.0,19084217,False,True,True
55604.0,19084217,False,False,True
338645.0,19084217,False,False,True
90293.0,19084217,False,False,True
696.0,19084217,False,False,True
411.0,19084217,False,False,True
57405.0,19096518,False,False,True
169026.0,19096518,False,True,True
3098.0,19096518,True,True,True
2645.0,19096518,False,True,True
27347.0,19114657,True,True,True
27328.0,19136949,True,True,True
81037.0,19151717,True,True,True
9370.0,19165155,True,True,True
640.0,19165918,False,True,True
3684.0,19165918,False,True,True
57705.0,19165918,False,True,True
6775.0,19165918,False,True,True
7128.0,19165918,True,True,True
84894.0,19182806,True,True,True
29119.0,19187332,True,True,True
5979.0,19196962,False,True,True
3084.0,19196962,True,True,True
5649.0,19230858,True,True,True
7049.0,19249006,True,True,True
170692.0,19249006,True,False,True
7201.0,19268274,True,True,True
28.0,19278955,True,True,True
8529.0,19300499,True,True,True
1559.0,19300499,True,True,True
5890.0,19330030,True,True,True
2263.0,19330030,False,True,True
3115.0,19349983,True,True,True
53353.0,19367585,True,True,True
580.0,19412175,True,True,True
5144.0,19426955,True,True,True
389421.0,19448623,True,True,True
6402.0,19451621,False,False,True
51397.0,19451621,False,False,True
6310.0,19451621,False,False,True
22920.0,19451621,True,True,True
84618.0,19451621,False,False,True
729967.0,19451621,False,False,True
27185.0,19451621,False,True,True
201266.0,19451621,False,False,True
55732.0,19451621,False,False,True
6332.0,19451621,False,False,True
3595.0,19458352,True,True,True
22806.0,19458352,False,True,True
4254.0,19483682,True,True,True
965.0,19525953,False,True,True
3559.0,19525953,False,False,True
23274.0,19525953,False,True,True
10198.0,19525953,False,True,True
3575.0,19525953,False,True,True
57178.0,19525953,False,False,True
923.0,19525953,True,True,True
7132.0,19525953,True,True,True
3134.0,19525953,False,True,True
23562.0,19561606,True,True,True
463.0,19597491,True,True,True
4524.0,19597492,False,False,True
463.0,19597492,True,True,True
217.0,19698717,True,True,True
125.0,19698717,True,True,True
55553.0,19714249,True,True,True
283383.0,19729412,True,True,True
164656.0,19820698,True,True,True
164656.0,19820699,True,True,True
3077.0,19820699,False,True,True
9474.0,19838195,False,True,True
64135.0,19838195,False,True,True
393.0,19838195,False,False,True
3595.0,19838195,False,True,True
11278.0,19838195,False,False,True
51347.0,19838195,False,False,True
9887.0,19838195,False,True,True
219681.0,19838195,False,False,True
7332.0,19838195,False,True,True
11044.0,19838195,False,False,True
256815.0,19838195,False,False,True
3122.0,19838195,False,True,True
57661.0,19838195,False,True,True
54205.0,19838195,False,False,True
1601.0,19838195,False,False,True
121665.0,19838195,False,False,True
79682.0,19838195,False,False,True
221895.0,19838195,True,True,True
10318.0,19838195,True,True,True
26191.0,19838195,False,False,True
4688.0,19838195,False,True,True
3663.0,19838195,False,True,True
7128.0,19838195,False,True,True
735.0,19838195,False,False,True
3684.0,19838195,False,True,True
54887.0,19838195,True,True,True
1130.0,19838195,False,False,True
6775.0,19838195,False,True,True
50615.0,19874204,True,False,True
30811.0,19890347,False,False,True
4436.0,19890347,False,False,True
5205.0,19890347,False,False,True
64094.0,19890347,True,True,True
360203.0,19897590,True,True,True
54622.0,20011104,True,True,True
9370.0,20018283,True,True,True
326624.0,20031577,False,False,True
146722.0,20031577,False,False,True
2244.0,20031577,True,True,True
3570.0,20031577,False,True,True
6583.0,20031577,False,False,True
1373.0,20031577,False,True,True
1282.0,20031579,True,True,True
1636.0,20066004,True,True,True
1609.0,20070850,False,False,True
9842.0,20070850,False,True,True
1620.0,20070850,False,False,True
6622.0,20070850,True,True,True
501.0,20072603,True,True,True
2696.0,20081857,True,True,True
111.0,20081857,False,True,True
54832.0,20081857,False,True,True
6934.0,20081857,False,True,True
2646.0,20081857,False,True,True
182.0,20096396,True,True,True
4249.0,20117844,True,True,True
83875.0,20150558,True,False,True
3606.0,20150558,True,True,True
1373.0,20154341,True,True,True
6774.0,20159113,True,True,True
10111.0,20159242,True,True,True
3953.0,20167575,True,True,True
2113.0,20169177,True,True,True
57705.0,20169177,True,True,True
5332.0,20172861,True,False,True
3704.0,20173735,True,True,True
3782.0,20173747,True,True,True
10144.0,20173748,True,True,True
3658.0,20173748,False,True,True
23042.0,20189936,False,False,True
517.0,20189936,False,False,True
253461.0,20189936,False,False,True
3479.0,20189936,True,True,True
2202.0,20189936,False,False,True
123803.0,20189936,False,False,True
129563.0,20189936,False,False,True
155185.0,20189936,False,False,True
1588.0,20189936,False,True,True
11190.0,20189936,False,False,True
59338.0,20189936,False,False,True
5324.0,20189936,False,True,True
2768.0,20189936,False,False,True
160851.0,20189936,False,False,True
4052.0,20189936,False,False,True
23127.0,20189936,False,False,True
79840.0,20189936,False,False,True
57188.0,20189936,False,False,True
23400.0,20189936,False,False,True
169714.0,20189936,True,True,True
1012.0,20189936,False,False,True
91768.0,20189936,False,False,True
725.0,20212171,True,True,True
3586.0,20228798,False,True,True
23252.0,20228798,False,False,True
400935.0,20228798,True,True,True
389421.0,20303062,True,True,True
3273.0,20303064,True,True,True
3827.0,20303064,True,True,True
2870.0,20303064,False,False,True
55133.0,20363506,True,True,True
111.0,20372150,True,True,True
6775.0,20383147,False,True,True
919.0,20383147,True,True,True
80736.0,20421499,False,False,True
79991.0,20421499,True,True,True
8882.0,20442857,False,False,True
7941.0,20442857,True,True,True
949.0,20442857,False,True,True
7128.0,20453841,False,True,True
1235.0,20453841,True,True,True
6775.0,20453841,False,True,True
55729.0,20543847,True,True,True
1761.0,20543847,True,True,True
4254.0,20543847,False,True,True
7015.0,20543847,True,True,True
11116.0,20570966,False,False,True
55054.0,20570966,False,False,True
149233.0,20570966,False,False,True
2524.0,20570966,True,True,True
64127.0,20570966,False,False,True
2890.0,20592726,True,True,True
7410.0,20598377,True,False,True
163059.0,20598377,True,False,True
114884.0,20610895,True,True,True
3586.0,20622878,True,True,True
29949.0,20622878,False,False,True
153090.0,20622881,True,True,True
846.0,20661308,True,True,True
7369.0,20686651,True,True,True
355.0,20694011,False,False,True
64135.0,20694011,True,True,True
23274.0,20694011,False,True,True
8525.0,20694011,False,False,True
3117.0,20694011,False,True,True
2646.0,20705733,False,True,True
124997.0,20705733,False,False,True
846.0,20705733,True,True,True
8527.0,20705733,False,False,True
105.0,20709820,False,False,True
636.0,20709820,True,True,True
1289.0,20719862,True,True,True
6934.0,20849430,True,True,True
387715.0,20861866,False,False,True
718.0,20861866,False,True,True
6499.0,20861866,True,True,True
8626.0,20871597,True,True,True
7015.0,20871597,False,True,True
10758.0,20953186,True,True,True
2625.0,21037568,True,True,True
4137.0,21044948,False,True,True
6622.0,21044948,True,True,True
1997.0,21044949,True,False,True
57674.0,21048783,True,True,True
5046.0,21051773,True,True,True
7369.0,21082022,True,True,True
683.0,21084426,True,True,True
6622.0,21084426,False,True,True
1501.0,21095009,True,True,True
139189.0,21113153,True,True,True
4004.0,21124317,True,True,True
580.0,21124317,False,True,True
10786.0,21149283,False,False,True
9159.0,21149283,True,True,True
6568.0,21149283,False,False,True
164656.0,21149283,False,True,True
23387.0,21149283,False,False,True
6928.0,21160077,False,False,True
354.0,21160077,True,True,True
81037.0,21160077,False,True,True
4477.0,21160077,False,False,True
64897.0,21203500,False,False,True
2530.0,21203500,False,False,True
6927.0,21203500,True,True,True
3077.0,21208937,False,False,True
6568.0,21208937,False,False,True
7018.0,21208937,False,True,True
164656.0,21208937,False,True,True
7036.0,21208937,True,True,True
4684.0,21212386,True,True,True
28.0,21239051,True,True,True
11173.0,21239051,True,True,True
1185.0,21273288,True,True,True
150962.0,21298027,True,True,True
220202.0,21307088,True,True,True
80864.0,21323541,False,False,True
389376.0,21323541,False,False,True
6048.0,21323541,False,False,True
10919.0,21323541,False,False,True
135656.0,21323541,False,False,True
10665.0,21323541,False,False,True
7916.0,21323541,False,False,True
3117.0,21323541,True,True,True
22925.0,21323541,True,True,True
7918.0,21323541,False,False,True
56244.0,21323541,False,False,True
5460.0,21323541,False,False,True
170679.0,21323541,False,False,True
8859.0,21323541,False,False,True
6941.0,21323541,False,False,True
8029.0,21355061,True,True,True
196.0,21357676,True,True,True
1859.0,21364930,True,True,True
217.0,21372407,True,True,True
160762.0,21372407,False,False,True
10659.0,21379329,True,True,True
3105.0,21428769,True,True,True
1378.0,21460840,False,True,True
10347.0,21460840,True,True,True
26053.0,21471458,True,True,True
4811.0,21478494,True,True,True
8398.0,21478494,False,False,True
27185.0,21483430,True,True,True
196.0,21490707,True,True,True
9031.0,21490707,False,False,True
1544.0,21490707,True,True,True
60490.0,21490707,False,False,True
283571.0,21490707,False,False,True
56252.0,21490707,False,False,True
2175.0,21490707,False,False,True
9162.0,21502085,False,False,True
9034.0,21502085,False,True,True
117583.0,21502085,True,False,True
23569.0,21505073,False,False,True
326.0,21505073,True,True,True
23187.0,21531791,False,True,True
1956.0,21531791,True,True,True
51750.0,21531791,False,True,True
7015.0,21531791,False,True,True
28.0,21533024,False,True,True
3383.0,21533024,True,True,True
1761.0,21551455,True,True,True
348751.0,21573128,True,True,True
84624.0,21606135,False,False,True
3988.0,21606135,True,True,True
814.0,21612516,True,True,True
65992.0,21659334,True,True,True
2475.0,21665993,True,False,True
7018.0,21665994,True,True,True
58477.0,21665994,False,True,True
3077.0,21665994,False,True,True
90273.0,21682944,True,False,True
3778.0,21708048,True,False,True
9681.0,21725309,True,True,True
51752.0,21743469,True,True,True
149233.0,21743469,False,True,True
118429.0,21743469,False,True,True
23046.0,21743469,False,True,True
6563.0,21750109,True,False,True
6775.0,21750679,False,True,True
170679.0,21750679,True,True,True
10318.0,21750679,True,True,True
919.0,21750679,False,False,True
170680.0,21750679,False,False,True
1012.0,21771975,True,True,True
164656.0,21785125,True,True,True
7018.0,21785125,False,True,True
3077.0,21785125,True,False,True
8028.0,21804547,True,True,True
6563.0,21824976,True,False,True
1804.0,21826085,True,True,True
55937.0,21844665,True,True,True
10152.0,21862451,False,False,True
6051.0,21862451,False,False,True
590.0,21862451,True,True,True
23263.0,21871595,True,True,True
4018.0,21900290,True,True,True
5340.0,21900290,False,False,True
5592.0,21907864,False,False,True
3570.0,21907864,True,True,True
64897.0,21908519,False,False,True
2530.0,21908519,False,False,True
27087.0,21908519,True,False,True
6927.0,21908519,False,True,True
4249.0,21908519,True,False,True
2200.0,21909107,True,True,True
7157.0,21946351,True,True,True
83990.0,21964575,True,True,True
54715.0,22001756,False,False,True
51196.0,22001756,False,True,True
6101.0,22001756,False,False,True
4277.0,22001756,True,True,True
1952.0,22003152,False,False,True
8882.0,22003152,False,True,True
7941.0,22003152,True,True,True
3949.0,22003152,False,False,True
2903.0,22004137,True,False,True
7015.0,22037553,True,True,True
4035.0,22055160,True,True,True
1012.0,22065538,True,True,True
1356.0,22075249,True,True,True
2212.0,22081228,True,True,True
79934.0,22081228,False,False,True
80271.0,22081228,False,True,True
5800.0,22126837,True,True,True
63876.0,22137330,False,False,True
9108.0,22137330,True,False,True
5621.0,22137330,False,False,True
7103.0,22137330,False,False,True
10008.0,22144915,False,False,True
5156.0,22144915,True,True,True
10371.0,22210626,False,False,True
9258.0,22210626,False,False,True
92370.0,22210626,False,False,True
253461.0,22210626,False,True,True
5621.0,22210626,True,False,True
80315.0,22210626,False,False,True
54901.0,22290723,True,True,True
51176.0,22291604,False,False,True
4299.0,22291604,True,True,True
9734.0,22306652,True,True,True
285600.0,22318345,False,False,True
152330.0,22318345,False,False,True
1630.0,22318345,True,True,True
1959.0,22327514,True,True,True
5077.0,22341974,True,False,True
56261.0,22343285,True,False,True
4018.0,22368281,True,True,True
4916.0,22388998,False,False,True
2055.0,22388998,True,True,True
2066.0,22452962,True,True,True
6850.0,22456796,False,False,True
286.0,22456796,True,True,True
445815.0,22456796,False,False,True
23635.0,22472174,True,True,True
5184.0,22479202,False,False,True
9370.0,22479202,True,True,True
1742.0,22479202,False,False,True
26354.0,22479202,False,False,True
5939.0,22479202,False,False,True
1012.0,22479202,False,True,True
5140.0,22479202,False,False,True
80790.0,22479202,False,True,True
55193.0,22479202,False,False,True
10874.0,22479202,False,False,True
23545.0,22479202,False,False,True
54622.0,22479202,False,True,True
54657.0,22511988,False,False,True
54658.0,22511988,True,True,True
54659.0,22511988,False,False,True
54600.0,22511988,False,False,True
54575.0,22511988,False,False,True
54576.0,22511988,False,False,True
54577.0,22511988,False,False,True
54578.0,22511988,False,False,True
54579.0,22511988,False,False,True
6840.0,22550155,True,True,True
55728.0,22550155,False,False,True
407977.0,22558069,False,False,True
8741.0,22558069,True,True,True
2646.0,22558069,False,False,True
23495.0,22558069,True,False,True
1523.0,22584459,True,False,True
10714.0,22634755,True,True,True
4935.0,22634755,False,False,True
23495.0,22673310,True,False,True
169026.0,22693455,False,False,True
111.0,22693455,False,False,True
10644.0,22693455,False,False,True
54901.0,22693455,False,True,True
6934.0,22693455,False,True,True
284217.0,22693455,True,False,True
10363.0,22693455,False,True,True
79068.0,22693455,False,False,True
387715.0,22694956,False,True,True
7148.0,22694956,True,True,True
10452.0,22694956,False,True,True
629.0,22694956,False,True,True
4855.0,22694956,True,True,True
578.0,22700719,True,False,True
57476.0,22700719,False,False,True
3662.0,22700719,False,False,True
55289.0,22700719,False,False,True
11262.0,22700719,False,True,True
9855.0,22700719,False,False,True
9722.0,22726844,False,False,True
23019.0,22726844,False,False,True
6546.0,22726844,True,True,True
3113.0,22737229,False,True,True
3115.0,22737229,True,True,True
2532.0,22744181,True,False,True
221692.0,22745674,True,True,True
51384.0,22792071,True,True,True
2859.0,22821403,True,True,True
6925.0,22821403,True,True,True
55971.0,22829776,False,True,True
10599.0,22829776,False,True,True
968.0,22829776,False,False,True
221037.0,22829776,False,True,True
7157.0,22829776,False,False,True
2646.0,22829776,False,False,True
6462.0,22829776,True,True,True
3360.0,22837378,True,True,True
8482.0,22837378,False,False,True
79875.0,22837378,False,False,True
57211.0,22837378,False,False,True
123688.0,22837378,False,False,True
6731.0,22837378,False,False,True
51473.0,22837378,False,False,True
9586.0,22837378,False,False,True
1138.0,22837378,False,True,True
83698.0,22837378,False,False,True
147381.0,22837378,False,False,True
93627.0,22837378,False,False,True
9175.0,22837378,False,False,True
23544.0,22837378,False,False,True
5915.0,22837378,False,True,True
3708.0,22837378,False,False,True
5789.0,22837378,False,False,True
199920.0,22843503,False,False,True
56729.0,22843503,True,True,True
407977.0,22864923,False,False,True
8741.0,22864923,True,True,True
57156.0,22925353,False,False,True
9413.0,22925353,False,False,True
26053.0,22925353,False,True,True
4774.0,22925353,True,False,True
3787.0,22925353,False,False,True
1272.0,22925353,False,False,True
4004.0,22941191,False,True,True
580.0,22941191,False,True,True
51144.0,22941191,False,False,True
389421.0,22941191,True,True,True
57531.0,22941191,True,True,True
6478.0,22951594,True,True,True
2263.0,22951594,False,False,True
256006.0,22952603,False,False,True
54664.0,22952603,False,False,True
4745.0,22952603,False,False,True
79887.0,22952603,False,False,True
63892.0,22952603,False,False,True
148.0,22952603,False,False,True
25.0,22952603,False,False,True
57626.0,22952603,False,False,True
51741.0,22952603,False,False,True
259230.0,22952603,False,False,True
5791.0,22952603,False,False,True
23327.0,22952603,False,False,True
55714.0,22952603,False,False,True
5799.0,22952603,False,False,True
57639.0,22952603,False,False,True
10160.0,22952603,False,False,True
54704.0,22952603,False,False,True
6323.0,22952603,False,False,True
386617.0,22952603,False,False,True
6715.0,22952603,False,False,True
84804.0,22952603,False,False,True
85445.0,22952603,False,True,True
64839.0,22952603,False,False,True
152404.0,22952603,False,False,True
5081.0,22952603,False,False,True
54875.0,22952603,False,False,True
2272.0,22952603,False,False,True
114784.0,22952603,False,False,True
4705.0,22952603,False,False,True
83696.0,22952603,False,False,True
1012.0,22952603,True,False,True
401145.0,22952603,False,False,True
169792.0,22961080,False,True,True
92002.0,22961080,False,False,True
3784.0,22961080,False,True,True
10125.0,22961080,True,True,True
6928.0,22961080,False,False,True
54901.0,22961080,False,True,True
2869.0,22961080,True,True,True
5444.0,22982463,True,True,True
79068.0,22982992,True,True,True
51300.0,23000144,False,False,True
5450.0,23000144,True,False,True
9966.0,23000144,True,True,True
22806.0,23000144,False,False,True
6775.0,23000144,False,True,True
5890.0,23001122,True,True,True
5567.0,23001122,False,False,True
80169.0,23001564,True,False,True
55892.0,23001564,False,False,True
79991.0,23001564,False,False,True
1232.0,23017229,False,False,True
64170.0,23017229,False,False,True
2532.0,23017229,True,True,True
3305.0,23028341,False,False,True
6891.0,23028341,False,False,True
7148.0,23028341,False,False,True
718.0,23028341,True,True,True
4855.0,23028341,False,False,True
2968.0,23028341,False,False,True
259197.0,23028341,False,False,True
4794.0,23028356,True,True,True
219790.0,23028356,True,True,True
1548.0,23049750,True,True,True
10318.0,23055271,True,True,True
26191.0,23055271,False,True,True
10249.0,23108985,True,False,True
643680.0,23118302,False,False,True
1952.0,23118302,False,False,True
7941.0,23118302,True,True,True
81671.0,23118302,False,False,True
57674.0,23118302,False,False,True
51338.0,23118302,False,False,True
4018.0,23118302,False,False,True
338.0,23118302,False,True,True
9429.0,23118302,False,False,True
2646.0,23118302,False,False,True
949.0,23118302,False,False,True
8120.0,23118302,False,False,True
26168.0,23118916,False,False,True
407977.0,23118916,False,False,True
8741.0,23118916,True,False,True
9513.0,23118916,False,False,True
55733.0,23142968,True,False,True
54209.0,23150908,True,True,True
3117.0,23181788,True,True,True
23037.0,23184150,False,True,True
9839.0,23184150,True,True,True
55245.0,23207799,True,True,True
360200.0,23229837,True,False,True
10599.0,23233662,True,True,True
6775.0,23242368,True,True,True
7139.0,23247143,True,False,True
389643.0,23247143,False,False,True
3084.0,23247143,False,False,True
9229.0,23247143,False,False,True
50863.0,23247143,False,False,True
596.0,23247143,False,False,True
245973.0,23247143,False,False,True
338.0,23247145,True,True,True
64093.0,23263445,True,False,True
7450.0,23267103,True,True,True
28.0,23267103,False,False,True
9474.0,23273568,False,False,True
1027.0,23273568,True,False,True
23179.0,23273568,False,False,True
55315.0,23273568,False,False,True
2842.0,23273568,False,False,True
7332.0,23273568,False,False,True
55332.0,23273568,True,False,True
121260.0,23273568,False,False,True
941.0,23273568,False,False,True
25780.0,23273568,False,False,True
84159.0,23273568,True,True,True
6336.0,23273568,False,False,True
1997.0,23273568,False,False,True
10318.0,23273568,False,False,True
79575.0,23273568,False,False,True
7128.0,23273568,False,True,True
3684.0,23273568,False,False,True
26470.0,23273568,False,False,True
54887.0,23273568,False,False,True
57705.0,23273568,False,False,True
23274.0,23273568,False,True,True
1389.0,23273568,False,False,True
55024.0,23273568,False,True,True
403314.0,23273568,False,False,True
6775.0,23273568,False,False,True
2122.0,23349225,True,False,True
55729.0,23359319,True,False,True
26291.0,23372041,True,True,True
259266.0,23381943,False,False,True
2155.0,23381943,False,False,True
5004.0,23381943,False,False,True
2159.0,23381943,False,False,True
2162.0,23381943,False,False,True
81494.0,23381943,False,False,True
360023.0,23381943,False,False,True
28.0,23381943,True,True,True
10877.0,23381943,False,False,True
23263.0,23381943,False,False,True
79875.0,23400010,False,False,True
4745.0,23400010,True,False,True
130827.0,23400010,False,False,True
56977.0,23400010,False,False,True
63895.0,23400010,False,False,True
408.0,23400010,False,False,True
27161.0,23400010,False,False,True
90141.0,23400010,False,False,True
196264.0,23400010,False,False,True
56624.0,23400010,False,False,True
1588.0,23400010,False,False,True
11322.0,23400010,False,False,True
9411.0,23400010,False,False,True
221895.0,23400010,False,False,True
56776.0,23400010,False,False,True
51534.0,23400010,False,False,True
463.0,23400010,False,False,True
80210.0,23400010,False,False,True
2903.0,23400010,False,False,True
222553.0,23400010,False,False,True
2139.0,23400010,False,False,True
25956.0,23400010,False,False,True
8038.0,23400010,False,False,True
123624.0,23400010,False,False,True
105.0,23400010,False,False,True
55274.0,23400010,False,False,True
4208.0,23400010,False,False,True
3824.0,23400010,False,False,True
1786.0,23400010,False,False,True
5819.0,23419831,False,False,True
10452.0,23419831,False,True,True
348.0,23419831,True,True,True
84700.0,23423138,True,True,True
347735.0,23455491,True,True,True
152330.0,23471985,False,False,True
10418.0,23471985,True,True,True
6869.0,23471985,False,False,True
55222.0,23471985,False,False,True
7319.0,23471985,False,False,True
4734.0,23471985,False,False,True
6850.0,23480133,True,False,True
10721.0,23502783,False,False,True
29123.0,23502783,False,False,True
23492.0,23502783,False,False,True
1733.0,23502783,False,False,True
9862.0,23502783,False,False,True
2122.0,23502783,False,False,True
54986.0,23502783,False,False,True
84458.0,23502783,False,False,True
1838.0,23502783,False,False,True
8658.0,23502783,False,False,True
595.0,23502783,True,True,True
1010.0,23502783,False,False,True
1012.0,23502783,False,False,True
3608.0,23502783,False,False,True
9465.0,23502783,False,False,True
8924.0,23502783,False,False,True
8701.0,23502783,False,False,True
9208.0,23505185,True,False,True
9201.0,23535911,False,False,True
80339.0,23535911,True,True,True
8832.0,23555300,True,False,True
5819.0,23565137,False,False,True
6653.0,23565137,True,True,True
10347.0,23571587,True,True,True
4208.0,23572186,True,True,True
283450.0,23575436,True,False,True
2645.0,23575436,False,False,True
4938.0,23575436,False,False,True
54901.0,23575436,False,False,True
25800.0,23644492,True,True,True
3781.0,23677057,True,False,True
3115.0,23740775,True,True,True
6336.0,23872634,True,True,True
6331.0,23872634,True,True,True
25825.0,23903356,True,False,True
5122.0,23903356,False,False,True
80201.0,23903356,True,True,True
2646.0,23903356,False,False,True
57818.0,23903356,False,False,True
57405.0,23903356,False,False,True
54622.0,23918589,True,False,True
6641.0,23933737,False,True,True
9839.0,23933737,True,True,True
9699.0,23958962,False,False,True
4995.0,23958962,False,False,True
9612.0,23958962,False,False,True
9679.0,23958962,True,False,True
983.0,23958962,False,False,True
3267.0,23984888,True,False,True
3554.0,23999434,False,True,True
8807.0,23999434,False,True,True
8808.0,23999434,False,False,True
8809.0,23999434,False,True,True
9173.0,23999434,True,True,True
389015.0,23999434,False,False,True
163486.0,23999434,False,False,True
6323.0,24014518,True,True,True
84811.0,24023261,False,False,True
8563.0,24023261,True,False,True
3949.0,24046328,True,True,True
3784.0,24101674,False,False,True
92737.0,24101674,True,True,True
55876.0,24241537,False,False,True
3596.0,24241537,False,True,True
284110.0,24241537,False,False,True
222256.0,24241537,True,True,True
10111.0,24241537,False,True,True
217.0,24277619,True,False,True
26037.0,24277619,False,False,True
27087.0,24277619,False,False,True
284371.0,24280104,False,False,True
9668.0,24280104,True,False,True
80110.0,24280104,False,False,True
55186.0,24322204,False,False,True
6934.0,24322204,True,True,True
8728.0,24322204,False,False,True
84765.0,24322204,False,False,True
51741.0,24322204,False,False,True
287015.0,24322204,False,False,True
128553.0,24322204,False,False,True
54453.0,24322204,False,False,True
64839.0,24322204,False,False,True
64072.0,24322204,False,False,True
100130771.0,24322204,False,False,True
10969.0,24322204,False,False,True
25817.0,24322204,False,False,True
149465.0,24322204,False,False,True
1002.0,24322204,False,False,True
254827.0,24322204,False,False,True
114795.0,24322204,False,False,True
130162.0,24322204,False,False,True
57338.0,24322204,False,False,True
23037.0,24322204,False,False,True
2524.0,24326010,True,True,True
22901.0,24375517,True,True,True
55799.0,24375517,False,False,True
3784.0,24390345,False,False,True
162515.0,24390345,True,True,True
6934.0,24390345,False,True,True
3852.0,24403052,False,False,True
7053.0,24403052,True,True,True
81037.0,24403052,False,True,True
7157.0,24403052,False,False,True
353238.0,24403052,False,False,True
26166.0,24403052,True,True,True
4092.0,24448986,True,True,True
89853.0,24518671,True,False,True
53345.0,24531328,True,True,True
80339.0,24531328,False,True,True
2054.0,24578379,False,False,True
134957.0,24578379,True,True,True
5423.0,24578379,False,False,True
5327.0,24578379,False,False,True
5054.0,24578379,False,False,True
7173.0,24586183,True,True,True
8997.0,24586183,False,False,True
6311.0,24586183,False,False,True
3112.0,24586183,False,False,True
260425.0,24586183,False,False,True
3115.0,24586183,False,False,True
60468.0,24586183,False,True,True
473.0,24586183,False,False,True
10057.0,24603532,True,True,True
10840.0,24651765,True,True,True
5723.0,24651765,False,False,True
875.0,24651765,False,False,True
1373.0,24651765,False,True,True
8854.0,24728293,True,True,True
256435.0,24740207,False,False,True
2638.0,24740207,True,True,True
168667.0,24770881,False,False,True
10452.0,24770881,False,False,True
10060.0,24770881,True,True,True
285600.0,24792382,False,False,True
57105.0,24792382,False,False,True
2004.0,24792382,False,False,True
55821.0,24792382,True,False,True
65250.0,24795349,False,False,True
1459.0,24795349,True,False,True
51750.0,24908248,False,True,True
79782.0,24908248,False,False,True
7015.0,24908248,True,True,True
51347.0,24909733,True,True,True
8315.0,24916648,False,True,True
23228.0,24916648,True,False,True
8943.0,24916648,True,False,True
354.0,24919509,True,True,True
85414.0,24919509,False,False,True
201161.0,24931836,False,False,True
9897.0,24931836,False,False,True
9487.0,24931836,False,False,True
23025.0,24931836,True,True,True
347736.0,24931836,False,False,True
6713.0,24931836,False,False,True
203228.0,24931836,True,False,True
1471.0,24952865,True,True,True
2475.0,24963161,False,False,True
5949.0,24963161,True,False,True
1795.0,24980573,False,False,True
7299.0,24980573,False,False,True
54790.0,24980573,True,True,True
8558.0,24980573,False,False,True
346007.0,24980573,False,False,True
8801.0,25027320,True,True,True
348.0,25027320,False,True,True
2524.0,25028398,True,False,True
28.0,25028398,False,True,True
9882.0,25043022,True,True,True
23387.0,25060954,True,False,True
57094.0,25060954,False,False,True
10144.0,25101718,False,False,True
3658.0,25101718,True,False,True
1136.0,25101718,False,False,True
79890.0,25101718,False,False,True
1138.0,25101718,False,False,True
55270.0,25108385,True,True,True
5378.0,25162662,True,False,True
60312.0,25173105,True,True,True
3697.0,25173105,False,False,True
2762.0,25173105,True,True,True
23365.0,25173105,False,True,True
10990.0,25214527,True,False,True
1158.0,25214527,True,True,True
92949.0,25271088,False,False,True
1879.0,25271088,True,True,True
81559.0,25271088,False,False,True
6499.0,25281659,False,False,True
8091.0,25281659,False,False,True
8200.0,25281659,False,False,True
64399.0,25281659,False,False,True
176.0,25281659,False,False,True
57169.0,25281659,False,False,True
10643.0,25281659,False,False,True
253461.0,25281659,False,False,True
10903.0,25281659,False,False,True
127579.0,25281659,True,False,True
3709.0,25303641,True,True,True
84159.0,25310577,True,True,True
3084.0,25325441,True,False,True
22868.0,25385369,True,False,True
5873.0,25431337,True,False,True
56952.0,25456346,True,False,True
10090.0,25456346,False,False,True
9355.0,25456346,False,False,True
64478.0,25456346,False,False,True
54901.0,25483131,True,True,True
6934.0,25483131,True,False,True
4920.0,25483131,False,False,True
23002.0,25483131,False,False,True
114876.0,25483131,False,False,True
55679.0,25483131,False,False,True
84226.0,25576479,False,False,True
6403.0,25576479,False,False,True
6402.0,25576479,True,True,True
165829.0,25576479,False,False,True
55718.0,25576479,False,False,True
3560.0,25576479,False,False,True
3753.0,25576479,False,False,True
22920.0,25576479,False,False,True
2125.0,25576479,False,False,True
55732.0,25576479,False,False,True
2646.0,25576479,False,False,True
55959.0,25576479,False,False,True
51704.0,25576479,False,False,True
56953.0,25576479,False,False,True
100134934.0,25576479,False,False,True
130557.0,25576479,False,False,True
2880.0,25604533,False,False,True
10919.0,25604533,False,False,True
3112.0,25604533,False,False,True
2185.0,25604533,False,False,True
55691.0,25604533,False,False,True
780.0,25604533,False,False,True
6091.0,25604533,False,False,True
7916.0,25604533,False,False,True
4855.0,25604533,False,False,True
3569.0,25604533,True,True,True
257202.0,25604533,False,False,True
4978.0,25604533,False,False,True
23414.0,25604533,False,False,True
170679.0,25604533,False,False,True
6203.0,25604533,True,False,True
4439.0,25604533,False,False,True
23365.0,25637523,True,False,True
219902.0,25637523,False,False,True
259232.0,25676789,False,False,True
51741.0,25676789,False,False,True
63876.0,25676789,False,False,True
57101.0,25676789,False,False,True
5874.0,25676789,False,False,True
9204.0,25676789,False,False,True
9429.0,25676789,True,True,True
4629.0,25676789,False,False,True
117145.0,25676789,False,False,True
10458.0,25676789,False,False,True
5597.0,25676789,False,False,True
22913.0,25705849,False,False,True
124045.0,25705849,False,False,True
3662.0,25705849,True,False,True
4016.0,25706626,False,True,True
773.0,25706626,True,False,True
57153.0,25772935,True,True,True
23555.0,25772935,True,False,True
2147.0,25772935,False,True,True
2153.0,25772935,False,True,True
10544.0,25772935,False,False,True
2160.0,25772935,False,True,True
23414.0,25772935,False,True,True
28.0,25772935,False,True,True
50807.0,25774636,True,True,True
3111.0,25802187,False,False,True
10919.0,25802187,False,True,True
3113.0,25802187,False,False,True
3115.0,25802187,False,False,True
3120.0,25802187,False,False,True
629.0,25802187,True,False,True
4855.0,25802187,False,False,True
6941.0,25802187,False,False,True
958.0,25802187,False,False,True
5184.0,25820613,False,False,True
832.0,25820613,False,False,True
9863.0,25820613,False,False,True
5771.0,25820613,False,False,True
9901.0,25820613,False,False,True
210.0,25820613,True,True,True
54836.0,25820613,False,False,True
79989.0,25820613,False,False,True
28.0,25820613,False,False,True
221981.0,25820613,False,False,True
7477.0,25823570,True,True,True
51074.0,25839716,False,False,True
7049.0,25839716,False,False,True
9229.0,25839716,False,False,True
78989.0,25839716,False,False,True
199953.0,25839716,False,False,True
1555.0,25839716,True,False,True
158358.0,25839716,False,False,True
9637.0,25839716,False,False,True
51110.0,25839716,False,False,True
50859.0,25839716,False,False,True
2731.0,25839716,False,False,True
4914.0,25839716,False,False,True
25780.0,25839716,False,False,True
3645.0,25839716,False,False,True
6596.0,25839716,False,False,True
59082.0,25839716,False,False,True
5836.0,25839716,False,False,True
1496.0,25839716,False,False,True
80224.0,25839716,False,False,True
55777.0,25839716,False,False,True
57706.0,25839716,False,False,True
23022.0,25839716,False,False,True
111.0,25839716,False,False,True
1813.0,25869804,False,False,True
5077.0,25869804,False,False,True
253559.0,25869804,True,True,True
79068.0,25888059,True,False,True
55187.0,25896417,True,False,True
8470.0,25896417,False,False,True
55568.0,25898001,True,False,True
389170.0,25898001,True,False,True
2113.0,25920553,False,False,True
84162.0,25920553,False,False,True
25989.0,25920553,False,False,True
4774.0,25920553,False,False,True
3558.0,25920553,False,False,True
6775.0,25920553,False,False,True
940.0,25920553,False,False,True
23187.0,25920553,False,False,True
9844.0,25920553,False,False,True
55765.0,25920553,False,False,True
63925.0,25920553,True,False,True
389015.0,25920553,False,False,True
57178.0,25920553,False,False,True
387357.0,25920553,False,False,True
8464.0,25934476,True,False,True
11093.0,25934476,True,True,True
29989.0,25934476,False,False,True
1232.0,25986216,True,False,True
8334.0,25986216,False,False,True
4773.0,25987655,True,False,True
774.0,25987655,False,False,True
3123.0,25987655,False,False,True
10554.0,25987655,False,False,True
79003.0,25987655,False,False,True
114815.0,25987655,False,False,True
54986.0,26007630,False,False,True
151827.0,26007630,False,False,True
22936.0,26007630,True,True,True
10043.0,26007630,False,False,True
8701.0,26007630,False,False,True
57619.0,26058915,False,False,True
140803.0,26058915,True,True,True
4582.0,26058915,True,False,True
4781.0,26084801,True,True,True
80333.0,26169577,True,False,True
146059.0,26183928,False,False,True
23460.0,26183928,False,False,True
4255.0,26183928,True,False,True
149111.0,26239289,True,False,True
130507.0,26268530,False,False,True
3556.0,26268530,True,True,True
58494.0,26268530,False,False,True
94120.0,26377243,False,False,True
117289.0,26377243,False,False,True
5071.0,26377243,False,False,True
4018.0,26377243,True,True,True
84947.0,26377243,False,False,True
204801.0,26414677,False,False,True
23426.0,26414677,False,False,True
284417.0,26414677,False,False,True
57605.0,26414677,False,False,True
51720.0,26414677,False,False,True
2956.0,26414677,False,False,True
81550.0,26414677,False,False,True
221711.0,26414677,False,False,True
9874.0,26414677,False,False,True
54933.0,26414677,False,False,True
10521.0,26414677,False,False,True
93210.0,26414677,False,False,True
1820.0,26414677,False,False,True
672.0,26414677,True,True,True
84515.0,26414677,False,True,True
23331.0,26414677,False,False,True
11044.0,26414677,False,False,True
84268.0,26414677,False,False,True
5557.0,26414677,False,False,True
8630.0,26414677,False,False,True
22838.0,26414677,False,False,True
54840.0,26414677,False,False,True
4795.0,26414677,False,False,True
121665.0,26414677,False,False,True
9156.0,26414677,False,False,True
64838.0,26414677,False,False,True
28231.0,26414677,False,False,True
11083.0,26414677,False,False,True
80204.0,26414677,False,False,True
55636.0,26414677,False,False,True
4439.0,26414677,False,False,True
54617.0,26414677,False,False,True
91749.0,26414677,False,False,True
113510.0,26414677,False,False,True
29035.0,26414677,False,False,True
9070.0,26414677,False,False,True
10228.0,26414677,False,False,True
10489.0,26414677,False,False,True
54906.0,26414677,False,False,True
92797.0,26414677,False,False,True
2646.0,26433129,True,True,True
123688.0,26440539,False,False,True
1137.0,26440539,True,True,True
1142.0,26440539,False,False,True
57794.0,26482880,False,False,True
80339.0,26482880,True,True,True
54566.0,26486471,False,False,True
134957.0,26486471,False,True,True
10867.0,26486471,False,False,True
286133.0,26486471,False,False,True
55576.0,26486471,False,True,True
7450.0,26486471,True,True,True
28.0,26486471,False,False,True
1029.0,26545403,False,False,True
1030.0,26545403,False,True,True
2122.0,26545403,False,False,True
81037.0,26545403,True,True,True
55504.0,26545403,False,False,True
10019.0,26621817,True,False,True
64067.0,26621817,False,False,True
6311.0,26621817,False,False,True
146664.0,26621817,False,False,True
345930.0,26621817,False,False,True
64395.0,26621817,False,False,True
9516.0,26621817,False,False,True
4045.0,26621817,False,False,True
22828.0,26621817,False,False,True
51567.0,26621817,False,False,True
83857.0,26621817,False,False,True
51474.0,26621817,False,False,True
162427.0,26621817,False,False,True
8732.0,26621817,False,False,True
10143.0,26621817,False,False,True
8312.0,26733130,False,False,True
284067.0,26733130,False,False,True
84870.0,26733130,False,True,True
5727.0,26733130,True,True,True
317761.0,26752265,False,False,True
54499.0,26752265,False,False,True
6311.0,26752265,True,False,True
23414.0,26752265,False,False,True
90488.0,26752265,False,False,True
10587.0,26752265,True,False,True
4990.0,26752265,False,True,True
9159.0,26763881,True,True,True
116519.0,26763881,False,False,True
10452.0,26763881,False,False,True
4023.0,26763881,False,False,True
6876.0,26763881,False,False,True
1373.0,26822151,True,True,True
29958.0,26822151,False,False,True
7042.0,26830138,False,False,True
79875.0,26830138,False,False,True
92293.0,26830138,False,False,True
1286.0,26830138,False,False,True
3339.0,26830138,False,False,True
200844.0,26830138,False,False,True
80781.0,26830138,False,False,True
10768.0,26830138,False,False,True
2070.0,26830138,False,False,True
1303.0,26830138,False,False,True
91544.0,26830138,False,False,True
667.0,26830138,False,False,True
200734.0,26830138,False,False,True
57630.0,26830138,False,False,True
26526.0,26830138,False,False,True
5793.0,26830138,True,False,True
10146.0,26830138,False,False,True
57379.0,26830138,False,False,True
56995.0,26830138,False,False,True
8867.0,26830138,False,False,True
9381.0,26830138,False,False,True
23334.0,26830138,False,False,True
421.0,26830138,False,False,True
9645.0,26830138,False,False,True
6446.0,26830138,False,False,True
92335.0,26830138,False,False,True
10160.0,26830138,False,False,True
79026.0,26830138,False,False,True
3638.0,26830138,False,False,True
10238.0,26830138,False,False,True
643641.0,26830138,False,False,True
284217.0,26830138,False,False,True
50618.0,26830138,False,False,True
54715.0,26830138,False,False,True
118461.0,26830138,False,False,True
29118.0,26830138,False,False,True
114880.0,26830138,True,False,True
126017.0,26830138,False,False,True
51520.0,26830138,False,False,True
90050.0,26830138,False,False,True
3781.0,26830138,False,False,True
100288072.0,26830138,False,False,True
9545.0,26830138,False,False,True
22986.0,26830138,False,False,True
3916.0,26830138,False,False,True
9678.0,26830138,False,False,True
2255.0,26830138,False,False,True
4306.0,26830138,False,False,True
4436.0,26830138,False,False,True
1749.0,26830138,False,False,True
55255.0,26830138,False,False,True
221656.0,26830138,False,False,True
87769.0,26830138,False,False,True
8924.0,26830138,False,False,True
79838.0,26830138,False,False,True
375775.0,26830138,False,False,True
93664.0,26830138,False,False,True
81888.0,26830138,False,False,True
220388.0,26830138,False,False,True
51429.0,26830138,False,False,True
286183.0,26830138,False,False,True
123624.0,26830138,False,False,True
286187.0,26830138,False,False,True
10351.0,26830138,False,False,True
100533105.0,26830138,False,False,True
2162.0,26830138,False,False,True
23026.0,26830138,False,False,True
1012.0,26830138,False,False,True
54901.0,26830138,False,False,True
51322.0,26830138,False,False,True
2555.0,26830138,False,False,True
80380.0,26830138,False,False,True
91133.0,26830138,False,False,True
23678.0,26830138,False,False,True
2917.0,26856250,True,False,True
80129.0,26911590,True,True,True
8929.0,26911590,False,False,True
79971.0,26911590,True,True,True
1496.0,26911590,False,False,True
53942.0,26911590,False,False,True
4920.0,26911590,False,False,True
3690.0,27001270,False,False,True
10667.0,27001270,False,False,True
143098.0,27001270,True,False,True
6338.0,27018472,False,False,True
5251.0,27018472,False,False,True
8226.0,27018472,False,False,True
4005.0,27018472,False,False,True
25962.0,27018472,False,False,True
6444.0,27018472,False,False,True
10413.0,27018472,False,False,True
5071.0,27018472,False,False,True
10863.0,27018472,False,False,True
5108.0,27018472,False,False,True
57822.0,27018472,True,True,True
57094.0,27036123,False,False,True
10512.0,27036123,False,False,True
7158.0,27036123,False,False,True
51129.0,27036123,True,True,True
2621.0,27036123,False,False,True
146713.0,27142678,True,True,True
387723.0,27143689,False,False,True
51761.0,27143689,False,False,True
4978.0,27143689,False,False,True
55697.0,27143689,True,False,True
80309.0,27143689,False,False,True
57624.0,27143689,False,False,True
57113.0,27143689,False,False,True
29119.0,27143689,False,False,True
2120.0,27145994,True,True,True
641649.0,27145994,False,False,True
64359.0,27145994,False,False,True
9474.0,27193031,False,False,True
7332.0,27193031,False,False,True
57511.0,27193031,True,False,True
23534.0,27193031,False,False,True
26191.0,27193031,False,True,True
3385.0,27193031,False,False,True
10913.0,27193062,True,False,True
8464.0,27193062,False,False,True
2737.0,27193062,True,False,True
5077.0,27193062,False,False,True
860.0,27193062,True,False,True
3416.0,27244217,False,False,True
23362.0,27244217,False,False,True
285195.0,27244217,False,False,True
23261.0,27244217,True,False,True
140733.0,27304844,True,True,True
9760.0,27416945,False,False,True
64067.0,27416945,False,False,True
123624.0,27416945,False,False,True
596.0,27416945,True,False,True
347736.0,27416945,False,False,True
25852.0,27416945,False,False,True
91133.0,27480026,True,False,True
10913.0,27487801,True,False,True
1548.0,27488534,True,True,True
1549.0,27488534,False,False,True
6514.0,27500523,True,True,True
64077.0,27531626,True,False,True
79068.0,27558924,True,True,True
55270.0,27558924,False,True,True
126147.0,27559109,False,False,True
2524.0,27559109,True,True,True
51741.0,27595289,False,False,True
8452.0,27595289,False,False,True
8997.0,27595289,False,False,True
79750.0,27595289,False,False,True
3115.0,27595289,True,False,True
221935.0,27595289,False,False,True
5747.0,27595289,False,False,True
2650.0,27595289,False,False,True
285533.0,27595289,False,False,True
10144.0,27612410,True,True,True
55051.0,27723756,False,False,True
2317.0,27723756,False,False,True
57619.0,27723756,False,False,True
23315.0,27723756,False,False,True
56606.0,27723756,False,False,True
3752.0,27723756,False,False,True
154664.0,27723756,False,False,True
11057.0,27723756,False,False,True
23094.0,27723756,False,False,True
54984.0,27723756,False,False,True
204.0,27723756,False,False,True
9943.0,27723756,False,False,True
64478.0,27723756,False,False,True
51422.0,27723756,False,False,True
4704.0,27723756,False,False,True
54751.0,27723756,False,False,True
3172.0,27723756,False,False,True
23274.0,27723756,False,False,True
57707.0,27723756,False,False,True
55024.0,27723756,False,False,True
10867.0,27723756,False,False,True
27124.0,27723756,False,False,True
7421.0,27723756,True,True,True
145407.0,27723756,False,False,True
2625.0,27723758,False,False,True
1761.0,27723758,False,False,True
221061.0,27723758,False,False,True
64135.0,27723758,False,False,True
1959.0,27723758,False,False,True
64072.0,27723758,False,False,True
5592.0,27723758,False,False,True
5771.0,27723758,False,False,True
23274.0,27723758,True,False,True
3117.0,27723758,False,False,True
942.0,27723758,False,False,True
27086.0,27723758,False,False,True
56911.0,27723758,False,False,True
344148.0,27723758,False,False,True
54806.0,27723758,True,False,True
22806.0,27723758,False,False,True
115352.0,27723758,False,False,True
375449.0,27723758,False,False,True
2263.0,27764800,True,True,True
4289.0,27769005,True,False,True
1012.0,27911795,False,False,True
2646.0,27911795,False,False,True
152831.0,27911795,True,True,True
150280.0,27941131,True,False,True
135152.0,28011674,True,False,True
2160.0,28053049,True,True,True
3827.0,28053049,False,False,True
57698.0,28054174,False,False,True
9570.0,28054174,False,False,True
10620.0,28054174,False,False,True
11237.0,28054174,False,False,True
3084.0,28054174,False,False,True
9423.0,28054174,False,False,True
8626.0,28054174,True,True,True
57619.0,28054174,False,False,True
167127.0,28054174,False,False,True
24.0,28054174,False,False,True
2649.0,28054174,False,False,True
11259.0,28054174,False,False,True
5081.0,28054174,False,False,True
57822.0,28054174,False,True,True
84319.0,28054174,False,False,True
51300.0,28062665,False,False,True
5450.0,28062665,False,False,True
5579.0,28062665,True,False,True
9966.0,28062665,False,False,True
3122.0,28062665,False,False,True
22806.0,28062665,False,False,True
3575.0,28062665,False,False,True
4790.0,28062665,False,True,True
9031.0,28082259,False,False,True
10544.0,28082259,False,False,True
339761.0,28082259,False,False,True
2646.0,28082259,False,False,True
5624.0,28082259,True,False,True
10746.0,28082259,False,False,True
55741.0,28082259,False,False,True
4137.0,28100725,True,True,True
5071.0,28100725,False,False,True
354.0,28139693,True,False,True
26147.0,28139693,False,False,True
79612.0,28139693,False,False,True
85414.0,28139693,False,False,True
221895.0,28139693,False,False,True
3817.0,28139693,False,False,True
55787.0,28139693,False,False,True
8538.0,28139693,False,False,True
6928.0,28139693,False,False,True
253461.0,28139693,False,False,True
5013.0,28139693,False,False,True
5462.0,28139693,False,False,True
53335.0,28139693,False,False,True
10742.0,28139693,False,False,True
2263.0,28139693,False,False,True
4477.0,28139693,False,False,True
4316.0,28139693,False,True,True
55130.0,28139693,False,False,True
7092.0,28163062,True,True,True
79705.0,28171582,False,False,True
7477.0,28171582,True,True,True
9734.0,28265093,False,False,True
64170.0,28265093,False,False,True
5265.0,28265093,True,False,True
52.0,28265093,False,False,True
26751.0,28265093,False,False,True
51514.0,28265093,False,False,True
2847.0,28265093,False,False,True
5592.0,28265120,True,True,True
4179.0,28289848,True,False,True
10964.0,28289848,True,True,True
3127.0,28289848,False,False,True
10507.0,28296344,True,False,True
150356.0,28319091,True,False,True
51334.0,28322283,False,False,True
5896.0,28322283,False,False,True
10891.0,28322283,False,False,True
401548.0,28322283,False,False,True
7058.0,28322283,False,False,True
54810.0,28322283,False,False,True
5789.0,28322283,True,True,True
10782.0,28322283,False,False,True
148641.0,28322283,False,False,True
10154.0,28322283,False,False,True
10667.0,28322283,False,False,True
50863.0,28322283,False,False,True
8891.0,28322283,False,False,True
9154.0,28322283,False,False,True
23254.0,28322283,False,False,True
1112.0,28322283,False,False,True
5592.0,28322283,False,False,True
10714.0,28322283,False,False,True
348.0,28322283,False,False,True
65251.0,28322283,False,False,True
51429.0,28322283,False,False,True
54502.0,28322283,False,False,True
57194.0,28322283,False,False,True
1515.0,28322283,False,False,True
238.0,28322283,False,False,True
25841.0,28322283,False,False,True
79602.0,28322283,False,False,True
222962.0,28322283,False,False,True
54901.0,28322283,False,False,True
57338.0,28322283,False,False,True
83953.0,28355232,True,False,True
5284.0,28355232,True,False,True
57038.0,28355232,False,False,True
57282.0,28360221,True,False,True
5314.0,28360221,False,False,True
10725.0,28360221,True,True,True
89797.0,28360221,False,False,True
5608.0,28360221,False,False,True
26154.0,28360221,False,False,True
254827.0,28360221,False,False,True
1488.0,28360221,False,False,True
2898.0,28360221,False,False,True
23316.0,28360221,False,False,True
84056.0,28360221,False,False,True
84986.0,28360221,False,False,True
114780.0,28360221,False,False,True
57214.0,28360221,False,False,True
23555.0,28373160,False,False,True
2147.0,28373160,False,False,True
2153.0,28373160,False,False,True
2160.0,28373160,False,False,True
23414.0,28373160,True,False,True
28.0,28373160,False,False,True
131096.0,28374850,True,False,True
2202.0,28374850,True,False,True
8935.0,28374850,False,False,True
30817.0,28429243,False,False,True
5218.0,28429243,False,False,True
5797.0,28429243,False,False,True
10599.0,28429243,True,True,True
8747.0,28429243,False,False,True
9844.0,28429243,False,False,True
1588.0,28429243,False,False,True
168667.0,28429243,False,False,True
3074.0,28441456,False,False,True
9734.0,28441456,False,False,True
728586.0,28441456,False,False,True
7690.0,28441456,False,False,True
9229.0,28441456,False,False,True
144406.0,28441456,False,False,True
5145.0,28441456,False,False,True
286749.0,28441456,False,False,True
51741.0,28441456,False,False,True
8738.0,28441456,False,False,True
4131.0,28441456,False,False,True
222255.0,28441456,False,False,True
157753.0,28441456,False,False,True
3131.0,28441456,False,False,True
139324.0,28441456,False,False,True
3646.0,28441456,False,False,True
60487.0,28441456,False,False,True
374354.0,28441456,False,False,True
1620.0,28441456,False,False,True
56917.0,28441456,False,False,True
23129.0,28441456,False,False,True
2139.0,28441456,False,False,True
5214.0,28441456,False,False,True
613.0,28441456,False,False,True
7273.0,28441456,False,False,True
374378.0,28441456,False,False,True
51305.0,28441456,False,False,True
57453.0,28441456,False,False,True
387694.0,28441456,False,False,True
622.0,28441456,False,False,True
4208.0,28441456,False,False,True
56945.0,28441456,False,False,True
1137.0,28441456,False,False,True
158326.0,28441456,True,False,True
54906.0,28441456,False,False,True
64123.0,28441456,False,False,True
5244.0,28441456,False,False,True
64131.0,28441456,False,False,True
9863.0,28441456,False,False,True
5255.0,28441456,False,False,True
401036.0,28441456,False,False,True
655.0,28441456,False,False,True
129684.0,28441456,False,False,True
5782.0,28441456,False,False,True
9369.0,28441456,False,False,True
665.0,28441456,False,False,True
163486.0,28441456,False,False,True
80034.0,28441456,False,False,True
4772.0,28441456,False,False,True
27303.0,28441456,False,False,True
342184.0,28441456,False,False,True
2218.0,28441456,False,False,True
51371.0,28441456,False,False,True
23216.0,28441456,False,False,True
25782.0,28441456,False,False,True
6331.0,28441456,False,False,True
65217.0,28441456,False,False,True
89795.0,28441456,False,False,True
51397.0,28441456,False,False,True
3784.0,28441456,False,False,True
54984.0,28441456,False,False,True
54986.0,28441456,False,False,True
1740.0,28441456,False,False,True
121551.0,28441456,False,False,True
4306.0,28441456,False,False,True
2774.0,28441456,False,False,True
25814.0,28441456,False,False,True
25817.0,28441456,False,False,True
390874.0,28441456,False,False,True
84700.0,28441456,False,False,True
1756.0,28441456,False,False,True
79582.0,28441456,False,False,True
1763.0,28441456,False,False,True
84196.0,28441456,False,False,True
57576.0,28441456,False,False,True
80108.0,28441456,False,False,True
221935.0,28441456,False,False,True
284406.0,28441456,False,False,True
57591.0,28441456,False,False,True
80125.0,28441456,False,False,True
6910.0,28441456,False,False,True
54014.0,28441456,False,False,True
9472.0,28441456,False,False,True
121601.0,28441456,False,False,True
4862.0,28441456,False,False,True
1284.0,28441456,False,False,True
22795.0,28441456,False,False,True
29967.0,28441456,False,False,True
80146.0,28441456,False,False,True
22807.0,28441456,False,False,True
10008.0,28441456,False,False,True
146713.0,28441456,False,False,True
11036.0,28441456,False,False,True
10013.0,28441456,False,False,True
55074.0,28441456,False,False,True
5924.0,28441456,False,False,True
22821.0,28441456,False,False,True
57639.0,28441456,False,False,True
83752.0,28441456,False,False,True
57134.0,28441456,False,False,True
4916.0,28441456,False,False,True
84790.0,28441456,False,False,True
30010.0,28441456,False,False,True
84288.0,28441456,False,False,True
6477.0,28441456,False,False,True
150350.0,28441456,False,False,True
4948.0,28441456,False,False,True
2395.0,28441456,False,False,True
54621.0,28441456,False,False,True
5983.0,28441456,False,False,True
2917.0,28441456,False,False,True
64359.0,28441456,False,False,True
5991.0,28441456,False,False,True
10602.0,28441456,False,False,True
6000.0,28441456,False,False,True
4978.0,28441456,False,False,True
11122.0,28441456,False,False,True
2932.0,28441456,False,False,True
23418.0,28441456,False,False,True
22908.0,28441456,False,False,True
25981.0,28441456,False,False,True
81794.0,28441456,False,False,True
3973.0,28441456,False,False,True
395.0,28441456,False,False,True
26509.0,28441456,False,False,True
64397.0,28441456,False,False,True
84878.0,28441456,False,False,True
10129.0,28441456,False,False,True
346007.0,28441456,False,False,True
7576.0,28441456,False,False,True
84892.0,28441456,False,False,True
9630.0,28441456,False,False,True
285600.0,28441456,False,False,True
171425.0,28441456,False,False,True
55714.0,28441456,False,False,True
284067.0,28441456,False,False,True
63908.0,28441456,False,False,True
79783.0,28441456,False,False,True
121256.0,28441456,False,False,True
10668.0,28441456,False,False,True
9645.0,28441456,False,False,True
55214.0,28441456,False,False,True
343990.0,28441456,False,False,True
55734.0,28441456,False,False,True
152503.0,28441456,False,False,True
54715.0,28441456,False,False,True
140733.0,28441456,False,False,True
63933.0,28441456,False,False,True
26047.0,28441456,False,False,True
10184.0,28441456,False,False,True
463.0,28441456,False,False,True
5071.0,28441456,False,False,True
6101.0,28441456,False,False,True
84952.0,28441456,False,False,True
131034.0,28441456,False,False,True
8676.0,28441456,False,False,True
23526.0,28441456,False,False,True
5095.0,28441456,False,False,True
414189.0,28441456,False,False,True
84976.0,28441456,False,False,True
23026.0,28441456,False,False,True
84467.0,28441456,False,False,True
9215.0,28441456,False,False,True
6820.0,28476931,False,False,True
10150.0,28476931,False,False,True
57512.0,28476931,True,False,True
105372267.0,28476931,False,False,True
2524.0,28476931,False,False,True
56895.0,28476931,False,False,True
7450.0,28495826,True,True,True
28.0,28495826,False,False,True
11093.0,28495826,False,False,True
27445.0,28540843,True,False,True
27201.0,28545128,False,False,True
4004.0,28545128,False,False,True
389421.0,28545128,False,False,True
8532.0,28545128,True,True,True
7157.0,28545128,False,False,True
51319.0,28545128,False,True,True
23072.0,28585551,False,False,True
55843.0,28585551,True,True,True
8292.0,28585551,True,False,True
84967.0,28585551,False,False,True
4811.0,28585551,False,False,True
27115.0,28585551,False,False,True
797.0,28585551,False,False,True
1432.0,28672053,True,False,True
10345.0,28672053,False,False,True
137970.0,28672053,False,False,True
54209.0,28714976,True,True,True
1378.0,28714976,False,False,True
79875.0,28714976,False,False,True
509.0,28714976,False,False,True
1191.0,28714976,False,False,True
64231.0,28714976,False,False,True
682.0,28714976,False,False,True
160140.0,28714976,False,False,True
274.0,28714976,False,False,True
79026.0,28714976,False,False,True
7007.0,28714976,False,False,True
472.0,28714976,False,False,True
51225.0,28714976,True,True,True
348.0,28714976,False,False,True
64285.0,28714976,False,False,True
5336.0,28714976,True,True,True
4036.0,28739605,True,True,True
5644.0,28754779,False,False,True
5645.0,28754779,False,False,True
404636.0,28754779,False,False,True
23341.0,28754779,False,False,True
54830.0,28754779,False,False,True
55086.0,28754779,False,False,True
3760.0,28754779,False,False,True
127795.0,28754779,False,False,True
54970.0,28754779,False,False,True
63036.0,28754779,False,False,True
11330.0,28754779,False,False,True
64067.0,28754779,False,False,True
79814.0,28754779,False,False,True
221895.0,28754779,False,False,True
842.0,28754779,False,False,True
79180.0,28754779,False,False,True
139212.0,28754779,False,False,True
84301.0,28754779,False,False,True
55503.0,28754779,False,False,True
8661.0,28754779,False,False,True
9564.0,28754779,False,False,True
79710.0,28754779,False,False,True
54751.0,28754779,False,False,True
1504.0,28754779,True,False,True
92129.0,28754779,False,False,True
79589.0,28754779,False,False,True
54885.0,28754779,False,False,True
340719.0,28754779,False,False,True
5361.0,28754779,False,False,True
388595.0,28754779,False,False,True
9075.0,28754779,False,False,True
9429.0,28776340,True,False,True
5311.0,28776340,False,False,True
723961.0,28838971,False,False,True
3481.0,28838971,True,True,True
2212.0,28886140,True,True,True
9313.0,28924153,True,True,True
580.0,28924153,False,False,True
57144.0,28927820,False,False,True
84059.0,28927820,True,False,True
642968.0,28972577,False,False,True
1137.0,28972577,False,False,True
1789.0,28972577,True,False,True
123688.0,29030599,False,False,True
4018.0,29030599,True,False,True
348.0,29030599,False,False,True
80129.0,29058716,False,False,True
5890.0,29058716,False,False,True
143888.0,29058716,False,False,True
79890.0,29058716,False,False,True
6934.0,29058716,False,False,True
26526.0,29058716,False,False,True
675.0,29058716,False,True,True
2099.0,29058716,True,False,True
8648.0,29058716,False,False,True
5195.0,29058716,False,False,True
5462.0,29058716,False,False,True
1879.0,29058716,False,False,True
59352.0,29058716,False,False,True
79068.0,29058716,False,False,True
4194.0,29058716,False,False,True
3174.0,29058716,False,False,True
7015.0,29058716,False,False,True
84456.0,29058716,False,False,True
130540.0,29058716,False,False,True
8178.0,29058716,False,False,True
115.0,29058716,False,False,True
57591.0,29058716,False,False,True
23160.0,29058716,False,False,True
64762.0,29058716,False,False,True
51460.0,29124443,False,False,True
1800.0,29124443,False,False,True
55561.0,29124443,True,False,True
134285.0,29124443,False,False,True
57619.0,29124443,False,False,True
3480.0,29124443,False,False,True
56606.0,29124443,False,False,True
26018.0,29124443,False,False,True
4772.0,29124443,False,False,True
399909.0,29124443,False,False,True
3626.0,29124443,False,False,True
11054.0,29124443,False,False,True
7476.0,29124443,False,False,True
4790.0,29124443,False,False,True
23094.0,29124443,False,False,True
4026.0,29124443,False,False,True
283450.0,29124443,False,False,True
4036.0,29124443,False,False,True
9031.0,29124443,False,False,True
3784.0,29124443,False,False,True
7369.0,29124443,False,False,True
2119.0,29124443,False,False,True
80724.0,29124443,False,False,True
9429.0,29124443,False,False,True
2646.0,29124443,False,False,True
115286.0,29124443,False,False,True
217.0,29124443,False,False,True
8537.0,29124443,False,False,True
2778.0,29124443,False,False,True
6239.0,29124443,False,False,True
10725.0,29124443,False,False,True
116085.0,29124443,False,False,True
8315.0,29124443,False,False,True
256764.0,29124443,False,False,True
7422.0,29124443,False,False,True
11138.0,29130521,False,False,True
3107.0,29130521,False,False,True
64072.0,29130521,False,False,True
55275.0,29130521,False,False,True
55253.0,29130521,False,False,True
55671.0,29130521,True,False,True
221692.0,29130521,False,False,True
1576.0,29160300,True,False,True
6528.0,29208002,False,False,True
285220.0,29208002,True,False,True
5066.0,29208002,False,False,True
196394.0,29208002,False,False,True
6000.0,29208002,False,False,True
1312.0,29210060,False,False,True
83938.0,29210060,False,False,True
2122.0,29210060,False,False,True
2731.0,29210060,True,False,True
6641.0,29210060,False,False,True
392636.0,29210060,False,False,True
4524.0,29237677,False,False,True
4879.0,29237677,True,False,True
284498.0,29237677,False,False,True
282809.0,29237677,False,False,True
23516.0,29237677,False,False,True
3992.0,29246731,False,False,True
9415.0,29246731,True,False,True
9639.0,29246731,True,False,True
116519.0,29263402,True,True,True
80339.0,29271184,True,True,True
25813.0,29271184,True,False,True
1672.0,29317604,True,False,True
57475.0,29317604,False,False,True
196.0,29317604,True,True,True
53942.0,29317604,False,False,True
57705.0,29331962,True,False,True
23081.0,29374629,True,False,True
10877.0,29398083,True,False,True
217.0,29408531,True,True,True
56606.0,29408531,False,False,True
169792.0,29436472,True,False,True
255738.0,29436472,False,False,True
8924.0,29436472,False,False,True
57460.0,29436472,False,False,True
2066.0,29453196,True,False,True
1600.0,29472232,False,False,True
221981.0,29472232,True,False,True
9415.0,29514873,False,False,True
51761.0,29514873,False,False,True
94097.0,29514873,False,False,True
92017.0,29514873,False,False,True
3992.0,29514873,True,True,True
81624.0,29514873,False,False,True
219578.0,29514873,False,False,True
83548.0,29514873,False,False,True
3158.0,29523524,True,False,True
10318.0,29566793,False,False,True
23025.0,29566793,False,True,True
755.0,29566793,False,False,True
29110.0,29566793,False,False,True
3798.0,29566793,True,True,True
23256.0,29566793,False,False,True
203228.0,29566793,False,False,True
4287.0,29566793,False,False,True
54901.0,29674289,True,False,True
4544.0,29691896,True,False,True
1071.0,29728394,True,True,True
255738.0,29748315,True,True,True
80028.0,29748315,False,False,True
56479.0,29748315,False,False,True
7477.0,29847655,True,True,True
55144.0,29923122,False,False,True
55270.0,29923122,True,True,True
286046.0,29967481,True,True,True
144423.0,29967481,True,False,True
5979.0,30031151,True,False,True
5288.0,30066433,False,False,True
81559.0,30066433,True,False,True
7568.0,30070759,False,False,True
23060.0,30070759,False,False,True
146712.0,30070759,False,False,True
129049.0,30070759,False,False,True
4892.0,30070759,False,False,True
340895.0,30070759,False,False,True
84255.0,30070759,False,False,True
6444.0,30070759,False,False,True
56882.0,30070759,False,False,True
23613.0,30070759,False,False,True
23233.0,30070759,False,False,True
85441.0,30070759,False,False,True
89927.0,30070759,False,False,True
840.0,30070759,False,False,True
2762.0,30070759,False,False,True
3026.0,30070759,True,True,True
6874.0,30070759,False,False,True
84190.0,30070759,False,False,True
10718.0,30070759,False,False,True
639.0,30070759,False,False,True
57628.0,30199657,True,False,True
3553.0,30206230,True,True,True
3557.0,30206230,False,False,True
27177.0,30206230,False,False,True
27178.0,30206230,True,True,True
27179.0,30206230,False,False,True
56300.0,30206230,False,False,True
84141.0,30206230,False,False,True
154141.0,30206230,False,False,True
23550.0,30206230,False,False,True
4000.0,30251476,False,False,True
56776.0,30251476,False,False,True
55083.0,30251476,False,False,True
56980.0,30251476,False,False,True
51384.0,30251476,False,False,True
5915.0,30251476,True,False,True
84766.0,30284742,True,False,True
114818.0,30287806,False,False,True
57732.0,30287806,False,False,True
130574.0,30287806,False,False,True
346389.0,30287806,False,False,True
55959.0,30287806,False,False,True
57496.0,30287806,False,False,True
129049.0,30287806,False,False,True
9113.0,30287806,False,False,True
387357.0,30287806,False,False,True
84898.0,30287806,False,False,True
220963.0,30287806,False,False,True
55214.0,30287806,False,False,True
56884.0,30287806,False,False,True
27445.0,30287806,False,False,True
84918.0,30287806,False,False,True
54207.0,30287806,False,False,True
1610.0,30287806,False,False,True
57419.0,30287806,False,False,True
2893.0,30287806,True,True,True
9166.0,30287806,False,False,True
2904.0,30287806,False,False,True
64094.0,30287806,False,False,True
79974.0,30287806,False,False,True
162282.0,30287806,False,False,True
26227.0,30287806,False,False,True
114805.0,30287806,False,False,True
161145.0,30287806,False,False,True
7173.0,30367059,False,False,True
9611.0,30367059,False,False,True
10644.0,30367059,False,False,True
56981.0,30367059,False,False,True
23705.0,30367059,False,False,True
6311.0,30367059,False,False,True
4905.0,30367059,False,False,True
29993.0,30367059,False,False,True
54828.0,30367059,False,False,True
169792.0,30367059,False,False,True
7104.0,30367059,False,False,True
10050.0,30367059,True,False,True
1734.0,30367059,False,False,True
10451.0,30367059,False,False,True
196951.0,30367059,False,False,True
130013.0,30367059,False,False,True
10599.0,30367059,False,False,True
85479.0,30367059,False,False,True
9960.0,30367059,False,False,True
137835.0,30367059,False,False,True
5613.0,30367059,False,False,True
752.0,30367059,False,False,True
115.0,30367059,False,False,True
440574.0,30367059,False,False,True
149954.0,30377885,True,False,True
7804.0,30566433,False,False,True
5890.0,30566433,False,False,True
114757.0,30566433,False,False,True
768206.0,30566433,False,False,True
125488.0,30566433,False,False,True
23286.0,30566433,False,False,True
84952.0,30566433,False,False,True
79068.0,30566433,True,False,True
10207.0,30582445,True,False,True
55238.0,30648747,True,False,True
94025.0,30648747,False,False,True
9037.0,30648747,False,False,True
222255.0,30648747,False,False,True
4147.0,30648747,False,False,True
256435.0,30648747,False,False,True
6840.0,30648747,False,False,True
64409.0,30648747,False,False,True
57480.0,30659137,True,False,True
2202.0,30659137,False,False,True
91107.0,30659137,False,False,True
64241.0,30692554,True,False,True
7187.0,30692554,True,False,True
23012.0,30714141,True,False,True
51750.0,30714141,False,False,True
7015.0,30714141,False,False,True
5873.0,30714141,True,False,True
23187.0,30714141,False,False,True
8000.0,30753327,True,True,True
8629.0,30753327,False,False,True
4867.0,30894546,False,False,True
64778.0,30894546,False,False,True
1291.0,30894546,False,False,True
129804.0,30894546,False,False,True
6925.0,30894546,False,False,True
7566.0,30894546,False,False,True
7568.0,30894546,False,False,True
3987.0,30894546,False,False,True
57628.0,30894546,False,False,True
2719.0,30894546,False,False,True
10018.0,30894546,False,False,True
64682.0,30894546,True,False,True
22826.0,30894546,False,False,True
688.0,30894546,False,False,True
9649.0,30894546,False,False,True
94137.0,30894546,False,False,True
84159.0,30894546,False,False,True
22976.0,30894546,False,False,True
321.0,30894546,False,False,True
2626.0,30894546,False,False,True
170691.0,30894546,False,False,True
80326.0,30894546,False,False,True
22856.0,30894546,False,False,True
83660.0,30894546,False,False,True
8658.0,30894546,False,False,True
284252.0,30894546,False,False,True
10461.0,30894546,False,False,True
54499.0,30894546,False,False,True
151011.0,30894546,False,False,True
1902.0,30894546,False,False,True
344558.0,30894546,False,False,True
10096.0,30894546,False,False,True
163059.0,30894546,False,False,True
8440.0,30894546,False,False,True
286204.0,30894546,False,False,True
51710.0,30894546,False,False,True
6480.0,30929638,True,False,True
2558.0,30929638,False,False,True
2562.0,30929638,False,False,True
3294.0,30929638,False,False,True
355.0,30946743,False,False,True
51752.0,30946743,False,False,True
22856.0,30946743,False,False,True
4843.0,30946743,False,False,True
9101.0,30946743,False,False,True
754.0,30946743,False,False,True
4210.0,30946743,True,False,True
57476.0,30972912,False,False,True
9734.0,30972912,False,False,True
51594.0,30972912,False,False,True
7450.0,30972912,False,False,True
2205.0,30972912,True,False,True
64799.0,30972912,False,False,True
7464.0,30972912,False,False,True
388403.0,30972912,False,False,True
169792.0,30972912,False,False,True
79172.0,30972912,False,False,True
22852.0,30972912,False,False,True
5071.0,30972912,False,False,True
3927.0,30972912,False,False,True
64093.0,30972912,False,False,True
1761.0,30972912,False,False,True
84708.0,30972912,False,False,True
57194.0,30972912,False,False,True
8555.0,30972912,False,False,True
9586.0,30972912,False,False,True
124540.0,30972912,False,False,True
51071.0,30972912,False,False,True
5630.0,30992453,True,False,True
8626.0,31009812,False,False,True
81037.0,31009812,True,False,True
10131.0,31039275,True,False,True
4137.0,31059154,True,False,True
348.0,31065058,True,False,True
55870.0,31065058,False,False,True
84706.0,31073882,False,False,True
1767.0,31073882,False,False,True
57096.0,31073882,False,False,True
105.0,31073882,False,False,True
8618.0,31073882,False,False,True
5257.0,31073882,False,False,True
6444.0,31073882,False,False,True
85320.0,31073882,False,False,True
55666.0,31073882,True,False,True
56243.0,31073882,False,False,True
64754.0,31073882,False,False,True
401145.0,31073882,False,False,True
5789.0,31073882,False,False,True
64478.0,31073882,False,False,True
10144.0,31178129,False,False,True
196385.0,31178129,False,False,True
5184.0,31178129,False,False,True
54622.0,31178129,False,False,True
6249.0,31178129,False,False,True
55152.0,31178129,False,False,True
23161.0,31178129,False,False,True
64147.0,31178129,False,False,True
5140.0,31178129,False,False,True
55188.0,31178129,False,False,True
80790.0,31178129,False,False,True
146167.0,31178129,False,False,True
168537.0,31178129,False,False,True
9370.0,31178129,True,False,True
23166.0,31178129,False,False,True
3115.0,31243853,True,False,True
5570.0,31260374,False,False,True
4685.0,31260374,False,False,True
399694.0,31260374,False,False,True
101180976.0,31260374,True,False,True
23092.0,31260374,False,False,True
83893.0,31260374,False,False,True
57142.0,31260374,False,False,True
84898.0,31271701,True,False,True
64420.0,31271701,False,False,True
4593.0,31271701,False,False,True
57144.0,31271701,False,False,True
375449.0,31271701,False,False,True
54715.0,31301374,True,False,True
3786.0,31324766,False,False,True
84083.0,31324766,True,False,True
6934.0,31324766,False,False,True
7054.0,31324766,False,False,True
146713.0,31370031,False,False,True
140803.0,31370031,False,False,True
863.0,31370031,True,False,True
596.0,31465739,True,False,True
8200.0,31482140,True,False,True
23040.0,31530798,False,False,True
2562.0,31530798,False,False,True
9732.0,31530798,False,False,True
127495.0,31530798,False,False,True
27143.0,31530798,False,False,True
3082.0,31530798,False,False,True
2570.0,31530798,False,False,True
143884.0,31530798,False,False,True
79884.0,31530798,False,False,True
2066.0,31530798,False,False,True
84498.0,31530798,False,False,True
5651.0,31530798,False,False,True
56852.0,31530798,False,False,True
9750.0,31530798,False,False,True
5144.0,31530798,False,False,True
2589.0,31530798,False,False,True
23072.0,31530798,False,False,True
9760.0,31530798,False,False,True
8737.0,31530798,False,False,True
9764.0,31530798,False,False,True
2043.0,31530798,False,False,True
40.0,31530798,False,False,True
54828.0,31530798,False,False,True
339500.0,31530798,False,False,True
54832.0,31530798,False,False,True
48.0,31530798,False,False,True
6711.0,31530798,False,False,True
23095.0,31530798,False,False,True
54843.0,31530798,False,False,True
54332.0,31530798,False,False,True
23613.0,31530798,False,False,True
1600.0,31530798,False,False,True
5184.0,31530798,False,False,True
27201.0,31530798,False,False,True
64067.0,31530798,False,False,True
577.0,31530798,False,False,True
64579.0,31530798,False,False,True
2122.0,31530798,False,False,True
2634.0,31530798,False,False,True
54860.0,31530798,False,False,True
11343.0,31530798,False,False,True
160335.0,31530798,False,False,True
83539.0,31530798,False,False,True
344148.0,31530798,False,False,True
131669.0,31530798,False,False,True
8789.0,31530798,False,False,True
1112.0,31530798,False,False,True
154215.0,31530798,False,False,True
58472.0,31530798,False,False,True
5737.0,31530798,False,False,True
53353.0,31530798,False,False,True
286826.0,31530798,False,False,True
108.0,31530798,False,False,True
6764.0,31530798,False,False,True
6252.0,31530798,False,False,True
53358.0,31530798,False,False,True
319089.0,31530798,False,False,True
2673.0,31530798,False,False,True
6262.0,31530798,False,False,True
6263.0,31530798,False,False,True
253559.0,31530798,False,False,True
119.0,31530798,False,False,True
79991.0,31530798,False,False,True
636.0,31530798,False,False,True
4223.0,31530798,False,False,True
54914.0,31530798,False,False,True
202374.0,31530798,False,False,True
9353.0,31530798,False,False,True
282763.0,31530798,False,False,True
23180.0,31530798,False,False,True
2700.0,31530798,False,False,True
4750.0,31530798,False,False,True
374928.0,31530798,False,False,True
129684.0,31530798,False,False,True
144535.0,31530798,False,False,True
9369.0,31530798,False,False,True
81563.0,31530798,False,False,True
5789.0,31530798,False,False,True
5790.0,31530798,False,False,True
80031.0,31530798,False,False,True
56479.0,31530798,False,False,True
9378.0,31530798,True,False,True
164.0,31530798,False,False,True
54437.0,31530798,False,False,True
5797.0,31530798,False,False,True
5284.0,31530798,False,False,True
57512.0,31530798,False,False,True
5800.0,31530798,False,False,True
8874.0,31530798,False,False,True
50859.0,31530798,False,False,True
6323.0,31530798,False,False,True
54456.0,31530798,False,False,True
407738.0,31530798,False,False,True
8379.0,31530798,False,False,True
4285.0,31530798,False,False,True
25791.0,31530798,False,False,True
6850.0,31530798,False,False,True
170691.0,31530798,False,False,True
158405.0,31530798,False,False,True
10950.0,31530798,False,False,True
2762.0,31530798,False,False,True
1740.0,31530798,False,False,True
23245.0,31530798,False,False,True
55500.0,31530798,False,False,True
23247.0,31530798,False,False,True
9423.0,31530798,False,False,True
121551.0,31530798,False,False,True
4306.0,31530798,False,False,True
54477.0,31530798,False,False,True
5334.0,31530798,False,False,True
84694.0,31530798,False,False,True
10973.0,31530798,False,False,True
9951.0,31530798,False,False,True
2272.0,31530798,False,False,True
1761.0,31530798,False,False,True
23266.0,31530798,False,False,True
25827.0,31530798,False,False,True
123624.0,31530798,False,False,True
55016.0,31530798,False,False,True
23274.0,31530798,False,False,True
4842.0,31530798,False,False,True
338667.0,31530798,False,False,True
51434.0,31530798,False,False,True
9456.0,31530798,False,False,True
83696.0,31530798,False,False,True
54516.0,31530798,False,False,True
159989.0,31530798,False,False,True
23286.0,31530798,False,False,True
283383.0,31530798,False,False,True
90871.0,31530798,False,False,True
50937.0,31530798,False,False,True
79611.0,31530798,False,False,True
256764.0,31530798,False,False,True
1282.0,31530798,False,False,True
5891.0,31530798,False,False,True
1284.0,31530798,False,False,True
8455.0,31530798,False,False,True
1804.0,31530798,False,False,True
1293.0,31530798,False,False,True
64786.0,31530798,False,False,True
1813.0,31530798,False,False,True
11030.0,31530798,False,False,True
92949.0,31530798,False,False,True
6424.0,31530798,False,False,True
1301.0,31530798,False,False,True
1306.0,31530798,False,False,True
84251.0,31530798,False,False,True
83741.0,31530798,False,False,True
6942.0,31530798,False,False,True
64798.0,31530798,False,False,True
288.0,31530798,False,False,True
140578.0,31530798,False,False,True
84258.0,31530798,False,False,True
22821.0,31530798,False,False,True
144165.0,31530798,False,False,True
387882.0,31530798,False,False,True
9515.0,31530798,False,False,True
6444.0,31530798,False,False,True
54575.0,31530798,False,False,True
54576.0,31530798,False,False,True
28981.0,31530798,False,False,True
79674.0,31530798,False,False,True
57659.0,31530798,False,False,True
11069.0,31530798,False,False,True
729920.0,31530798,False,False,True
9536.0,31530798,False,False,True
23362.0,31530798,False,False,True
25924.0,31530798,False,False,True
2887.0,31530798,False,False,True
25928.0,31530798,False,False,True
7498.0,31530798,False,False,True
4939.0,31530798,False,False,True
164684.0,31530798,False,False,True
9037.0,31530798,False,False,True
2894.0,31530798,False,False,True
2900.0,31530798,False,False,True
8532.0,31530798,False,False,True
57175.0,31530798,False,False,True
57689.0,31530798,False,False,True
860.0,31530798,False,False,True
8029.0,31530798,False,False,True
10077.0,31530798,False,False,True
6493.0,31530798,False,False,True
10588.0,31530798,False,False,True
64864.0,31530798,False,False,True
57698.0,31530798,False,False,True
203111.0,31530798,False,False,True
6506.0,31530798,False,False,True
401258.0,31530798,False,False,True
57205.0,31530798,False,False,True
22901.0,31530798,False,False,True
445815.0,31530798,False,False,True
116092.0,31530798,False,False,True
23423.0,31530798,False,False,True
79747.0,31530798,False,False,True
81796.0,31530798,False,False,True
901.0,31530798,False,False,True
79750.0,31530798,False,False,True
84871.0,31530798,False,False,True
118663.0,31530798,False,False,True
9604.0,31530798,False,False,True
64395.0,31530798,False,False,True
10129.0,31530798,False,False,True
6548.0,31530798,False,False,True
100528021.0,31530798,False,False,True
29081.0,31530798,False,False,True
1946.0,31530798,False,False,True
284058.0,31530798,False,False,True
9628.0,31530798,False,False,True
10144.0,31530798,False,False,True
2977.0,31530798,False,False,True
79781.0,31530798,False,False,True
285095.0,31530798,False,False,True
90025.0,31530798,False,False,True
390064.0,31530798,False,False,True
256435.0,31530798,False,False,True
255411.0,31530798,False,False,True
83893.0,31530798,False,False,True
343990.0,31530798,False,False,True
219578.0,31530798,False,False,True
54715.0,31530798,False,False,True
154043.0,31530798,False,False,True
140733.0,31530798,False,False,True
124900286.0,31530798,False,False,True
26047.0,31530798,False,False,True
80833.0,31530798,False,False,True
22982.0,31530798,False,False,True
10695.0,31530798,False,False,True
5578.0,31530798,False,False,True
92106.0,31530798,False,False,True
5581.0,31530798,False,False,True
80333.0,31530798,False,False,True
26575.0,31530798,False,False,True
114134.0,31530798,False,False,True
440279.0,31530798,False,False,True
9687.0,31530798,False,False,True
5594.0,31530798,False,False,True
3034.0,31530798,False,False,True
23002.0,31530798,False,False,True
54749.0,31530798,False,False,True
64478.0,31530798,False,False,True
79839.0,31530798,False,False,True
475.0,31530798,False,False,True
112609.0,31530798,False,False,True
79841.0,31530798,False,False,True
135138.0,31530798,False,False,True
137695.0,31530798,False,False,True
284131.0,31530798,False,False,True
3046.0,31530798,False,False,True
5095.0,31530798,False,False,True
3048.0,31530798,False,False,True
151525.0,31530798,False,False,True
8170.0,31530798,False,False,True
84970.0,31530798,False,False,True
54762.0,31530798,False,False,True
166379.0,31530798,False,False,True
6641.0,31530798,False,False,True
1523.0,31530798,False,False,True
1012.0,31530798,False,False,True
2037.0,31530798,False,False,True
56311.0,31530798,False,False,True
2553.0,31530798,False,False,True
9722.0,31530798,False,False,True
9723.0,31530798,False,False,True
23036.0,31530798,False,False,True
23037.0,31530798,False,False,True
3841.0,31600170,False,False,True
3042.0,31600170,False,False,True
3752.0,31600170,True,False,True
9545.0,31600170,False,False,True
340811.0,31600170,False,False,True
23315.0,31600170,False,False,True
26526.0,31600170,False,False,True
154215.0,31711042,False,False,True
374378.0,31711042,False,False,True
4363.0,31711042,False,False,True
79820.0,31711042,False,False,True
80725.0,31711042,False,False,True
283514.0,31711042,True,False,True
55357.0,31711042,False,False,True
1131.0,31740666,True,False,True
11264.0,31761296,False,False,True
1027.0,31761296,False,False,True
54790.0,31761296,False,False,True
8200.0,31761296,False,False,True
23054.0,31761296,False,False,True
79890.0,31761296,False,False,True
5139.0,31761296,False,False,True
6676.0,31761296,False,False,True
253461.0,31761296,False,False,True
1558.0,31761296,False,False,True
1559.0,31761296,False,False,True
54808.0,31761296,False,False,True
23576.0,31761296,False,False,True
26.0,31761296,False,False,True
1562.0,31761296,False,False,True
79901.0,31761296,False,False,True
51230.0,31761296,False,False,True
8738.0,31761296,False,False,True
8741.0,31761296,False,False,True
51750.0,31761296,False,False,True
9258.0,31761296,False,False,True
4140.0,31761296,False,False,True
152110.0,31761296,False,False,True
5168.0,31761296,False,False,True
55857.0,31761296,False,False,True
3123.0,31761296,False,False,True
9784.0,31761296,False,False,True
4665.0,31761296,False,False,True
7227.0,31761296,False,False,True
55870.0,31761296,False,False,True
5184.0,31761296,False,False,True
10817.0,31761296,False,False,True
23112.0,31761296,False,False,True
8777.0,31761296,False,False,True
54856.0,31761296,False,False,True
221264.0,31761296,False,False,True
594.0,31761296,False,False,True
2646.0,31761296,False,False,True
100529239.0,31761296,False,False,True
127579.0,31761296,False,False,True
64093.0,31761296,False,False,True
55902.0,31761296,False,False,True
5727.0,31761296,False,False,True
140894.0,31761296,False,False,True
157285.0,31761296,False,False,True
57446.0,31761296,False,False,True
4091.0,31761296,False,False,True
79980.0,31761296,False,False,True
109.0,31761296,False,False,True
3693.0,31761296,False,False,True
56941.0,31761296,False,False,True
6256.0,31761296,False,False,True
3697.0,31761296,False,False,True
54897.0,31761296,False,False,True
56952.0,31761296,False,False,True
114818.0,31761296,False,False,True
728194.0,31761296,False,False,True
2693.0,31761296,False,False,True
54407.0,31761296,False,False,True
7818.0,31761296,False,False,True
10893.0,31761296,False,False,True
10903.0,31761296,False,False,True
23704.0,31761296,False,False,True
2201.0,31761296,False,False,True
153241.0,31761296,False,False,True
5784.0,31761296,False,False,True
2199.0,31761296,False,False,True
10393.0,31761296,False,False,True
55969.0,31761296,False,False,True
126626.0,31761296,False,False,True
678.0,31761296,False,False,True
4775.0,31761296,False,False,True
9896.0,31761296,False,False,True
23211.0,31761296,False,False,True
2222.0,31761296,False,False,True
92335.0,31761296,False,False,True
176.0,31761296,False,False,True
7343.0,31761296,False,False,True
54454.0,31761296,False,False,True
84159.0,31761296,False,False,True
23232.0,31761296,False,False,True
5313.0,31761296,False,False,True
57538.0,31761296,False,False,True
170691.0,31761296,False,False,True
3269.0,31761296,False,False,True
64710.0,31761296,False,False,True
1734.0,31761296,False,False,True
5829.0,31761296,False,False,True
25802.0,31761296,False,False,True
25803.0,31761296,False,False,True
5324.0,31761296,False,False,True
23245.0,31761296,False,False,True
1743.0,31761296,False,False,True
23248.0,31761296,False,False,True
9941.0,31761296,False,False,True
9942.0,31761296,False,False,True
79068.0,31761296,False,False,True
64223.0,31761296,False,False,True
54496.0,31761296,False,False,True
23264.0,31761296,False,False,True
65250.0,31761296,False,False,True
226.0,31761296,False,False,True
101410538.0,31761296,False,False,True
25836.0,31761296,False,False,True
55027.0,31761296,False,False,True
283383.0,31761296,False,False,True
116988.0,31761296,False,False,True
57597.0,31761296,False,False,True
1278.0,31761296,False,False,True
80128.0,31761296,False,False,True
8448.0,31761296,False,False,True
1280.0,31761296,False,False,True
1795.0,31761296,False,False,True
60676.0,31761296,False,False,True
6405.0,31761296,False,False,True
221960.0,31761296,False,False,True
64778.0,31761296,False,False,True
83723.0,31761296,False,False,True
6414.0,31761296,False,False,True
272.0,31761296,False,False,True
8464.0,31761296,False,False,True
1296.0,31761296,False,False,True
23317.0,31761296,False,False,True
57621.0,31761296,False,False,True
6430.0,31761296,False,False,True
196385.0,31761296,False,False,True
28965.0,31761296,False,False,True
254251.0,31761296,False,False,True
389421.0,31761296,False,False,True
80174.0,31761296,False,False,True
5934.0,31761296,False,False,True
10544.0,31761296,False,False,True
22837.0,31761296,False,False,True
387893.0,31761296,False,False,True
22839.0,31761296,False,False,True
6457.0,31761296,False,False,True
55100.0,31761296,False,False,True
169792.0,31761296,False,False,True
317761.0,31761296,False,False,True
146754.0,31761296,False,False,True
388931.0,31761296,False,False,True
100527943.0,31761296,False,False,True
221002.0,31761296,False,False,True
55114.0,31761296,False,False,True
283471.0,31761296,False,False,True
131408.0,31761296,False,False,True
80212.0,31761296,False,False,True
653140.0,31761296,False,False,True
11096.0,31761296,False,False,True
80219.0,31761296,False,False,True
7003.0,31761296,False,False,True
5468.0,31761296,False,False,True
1373.0,31761296,False,False,True
286046.0,31761296,False,False,True
860.0,31761296,False,False,True
80736.0,31761296,False,False,True
3425.0,31761296,False,False,True
100527963.0,31761296,False,False,True
51043.0,31761296,False,False,True
57188.0,31761296,False,False,True
128869.0,31761296,False,False,True
80737.0,31761296,False,False,True
8555.0,31761296,False,False,True
79727.0,31761296,False,False,True
9584.0,31761296,False,False,True
10099.0,31761296,False,False,True
1910.0,31761296,False,False,True
6521.0,31761296,False,False,True
2937.0,31761296,False,False,True
285051.0,31761296,False,False,True
894.0,31761296,False,False,True
4990.0,31761296,False,False,True
896.0,31761296,False,False,True
57217.0,31761296,False,False,True
113026.0,31761296,False,False,True
22913.0,31761296,False,False,True
51085.0,31761296,False,False,True
168850.0,31761296,False,False,True
63892.0,31761296,False,False,True
80790.0,31761296,False,False,True
3480.0,31761296,False,False,True
55193.0,31761296,False,False,True
64410.0,31761296,False,False,True
8091.0,31761296,False,False,True
11165.0,31761296,False,False,True
6558.0,31761296,False,False,True
3486.0,31761296,False,False,True
4000.0,31761296,False,False,True
83873.0,31761296,False,False,True
9633.0,31761296,False,False,True
6560.0,31761296,False,False,True
11174.0,31761296,False,False,True
8614.0,31761296,True,False,True
407977.0,31761296,False,False,True
4010.0,31761296,False,False,True
2475.0,31761296,False,False,True
4016.0,31761296,False,False,True
9139.0,31761296,False,False,True
1462.0,31761296,False,False,True
81846.0,31761296,False,False,True
80312.0,31761296,False,False,True
94137.0,31761296,False,False,True
50618.0,31761296,False,False,True
54715.0,31761296,False,False,True
5053.0,31761296,False,False,True
26053.0,31761296,False,False,True
9671.0,31761296,False,False,True
4041.0,31761296,False,False,True
23499.0,31761296,False,False,True
165324.0,31761296,False,False,True
55245.0,31761296,False,False,True
11214.0,31761296,False,False,True
5069.0,31761296,False,False,True
90459.0,31761296,False,False,True
10198.0,31761296,False,False,True
353238.0,31761296,False,False,True
26074.0,31761296,False,False,True
50651.0,31761296,False,False,True
144348.0,31761296,False,False,True
140766.0,31761296,False,False,True
83938.0,31761296,False,False,True
84450.0,31761296,False,False,True
203238.0,31761296,False,False,True
84456.0,31761296,False,False,True
5609.0,31761296,False,False,True
27113.0,31761296,False,False,True
11243.0,31761296,False,False,True
7148.0,31761296,False,False,True
2036.0,31761296,False,False,True
7157.0,31761296,False,False,True
4088.0,31761296,False,False,True
57337.0,31761296,False,False,True
55291.0,31761296,False,False,True
51196.0,31761296,False,False,True
1021.0,31761296,False,False,True
3070.0,31761296,False,False,True
84059.0,31792237,True,False,True
3995.0,31862735,True,False,True
343990.0,32005204,True,False,True
6595.0,32019955,True,False,True
1767.0,32019955,False,False,True
26574.0,32019955,True,False,True
116496.0,32019955,False,False,True
3480.0,32019955,False,False,True
57666.0,32141789,False,False,True
89796.0,32141789,True,False,True
249.0,32141789,True,False,True
2122.0,32141789,False,False,True
125228.0,32141789,False,False,True
54221.0,32141789,False,False,True
3569.0,32141789,True,False,True
4018.0,32141789,False,False,True
55667.0,32141789,False,False,True
5396.0,32141789,False,False,True
10097.0,32141789,False,False,True
83478.0,32141789,False,False,True
10873.0,32141789,False,False,True
27241.0,32266521,False,False,True
655.0,32266521,True,False,True
577.0,32363570,False,False,True
55867.0,32363570,True,False,True
7596.0,32363570,True,False,True
5738.0,32460577,False,False,True
26762.0,32460577,True,False,True
6444.0,32460577,False,False,True
10351.0,32460577,False,False,True
3702.0,32460577,False,False,True
26999.0,32460577,False,False,True
8728.0,32460577,False,False,True
2200.0,32499652,True,False,True
7297.0,32581359,False,False,True
5890.0,32581359,False,False,True
3716.0,32581359,False,False,True
7173.0,32581359,False,False,True
64135.0,32581359,False,False,True
8840.0,32581359,False,False,True
87178.0,32581359,False,False,True
10125.0,32581359,False,False,True
219790.0,32581359,False,False,True
9744.0,32581359,False,False,True
2065.0,32581359,False,False,True
2322.0,32581359,True,False,True
919.0,32581359,False,False,True
10019.0,32581359,False,False,True
50852.0,32581359,False,False,True
6311.0,32581359,False,False,True
10666.0,32581359,False,False,True
3117.0,32581359,False,False,True
942.0,32581359,False,False,True
814.0,32581359,False,False,True
3633.0,32581359,False,False,True
128178.0,32581359,False,False,True
60468.0,32581359,False,False,True
30009.0,32581359,False,False,True
4026.0,32581359,False,False,True
8635.0,32581359,False,False,True
8764.0,32581359,False,False,True
7098.0,32581359,False,False,True
84159.0,32581359,False,False,True
29121.0,32581359,False,False,True
260425.0,32581359,False,False,True
59338.0,32581359,False,False,True
3661.0,32581359,False,False,True
3662.0,32581359,False,False,True
26191.0,32581359,False,False,True
24145.0,32581359,False,False,True
10451.0,32581359,False,False,True
1493.0,32581359,False,False,True
10581.0,32581359,False,False,True
64599.0,32581359,False,False,True
114904.0,32581359,False,False,True
473.0,32581359,False,False,True
9047.0,32581359,False,False,True
51300.0,32581359,False,False,True
2534.0,32581359,False,False,True
5862.0,32581359,False,False,True
6760.0,32581359,False,False,True
6506.0,32581359,False,False,True
23533.0,32581359,False,False,True
1776.0,32581359,False,False,True
113.0,32581359,False,False,True
9844.0,32581359,False,False,True
1524.0,32581359,False,False,True
5878.0,32581359,False,False,True
6775.0,32581359,False,False,True
7038.0,32581359,False,False,True
89796.0,32737115,False,False,True
23108.0,32737115,False,False,True
6119.0,32737115,True,False,True
50863.0,32737115,False,False,True
729852.0,32737115,True,False,True
80129.0,33097703,False,False,True
358.0,33097703,False,False,True
84870.0,33097703,False,False,True
56776.0,33097703,False,False,True
4041.0,33097703,False,False,True
6546.0,33097703,False,False,True
2099.0,33097703,False,False,True
10584.0,33097703,False,False,True
56955.0,33097703,True,False,True
65084.0,33097703,False,False,True
51384.0,33097703,False,False,True
